date,admin,user,Last Login
2026-09-28,geeraerd,gredav17,Unknown (not captured before deletion)
2026-09-28,geeraerd,gankim06,Unknown (not captured before deletion)
2026-09-28,geeraerd,llodia102,Unknown (not captured before deletion)
2026-09-28,geeraerd,tabbuttk,2022-05-16
2026-09-28,geeraerd,helgre05,Unknown (not captured before deletion)
2026-09-28,geeraerd,azaave14,Unknown (not captured before deletion)
2026-09-28,geeraerd,bxjn5740,Unknown (not captured before deletion)
2026-09-28,geeraerd,pdbq2603,Unknown (not captured before deletion)
2026-10-01,geeraerd,Jorge.Vargas,2026-10-01
